City_ID,City,Country,Lat,Lng,Max Temp,Humidity,Cloudiness,Wind Speed,Description
0,Bluff,NZ,-46.6,168.3333,54.0,67,51,5.01,broken clouds
1,Bengkulu,ID,-3.8004,102.2655,82.11,75,55,1.59,broken clouds
2,Atar,MR,20.5169,-13.0499,78.87,23,54,6.02,broken clouds
3,Touros,BR,-5.1989,-35.4608,73.4,94,20,4.61,few clouds
4,Paita,PE,-5.0892,-81.1144,69.4,77,91,15.61,overcast clouds
5,Ponta Do Sol,PT,32.6667,-17.1,66.2,68,20,20.71,few clouds
6,Znamenskoye,RU,57.1281,73.8282,63.64,71,98,5.91,overcast clouds
7,Aklavik,CA,68.2191,-135.0107,50.0,46,100,5.75,overcast clouds
8,Vila Franca Do Campo,PT,37.7167,-25.4333,64.4,94,75,8.05,broken clouds
9,Tura,IN,25.5198,90.2201,78.84,75,88,4.79,overcast clouds
10,Namibe,AO,-15.1961,12.1522,73.09,61,0,4.76,clear sky
11,Ushuaia,AR,-54.8,-68.3,42.8,70,20,7.0,few clouds
12,Manggar,ID,-2.8833,108.2667,85.82,69,91,11.81,overcast clouds
13,Mahebourg,MU,-20.4081,57.7,73.4,78,40,10.36,scattered clouds
14,Ures,MX,29.4333,-110.4,84.99,28,0,5.99,clear sky
15,Panaba,MX,21.2833,-88.2667,76.71,82,100,10.0,overcast clouds
16,Saldanha,ZA,-33.0117,17.9442,53.6,87,0,16.22,clear sky
17,East London,ZA,-33.0153,27.9116,64.87,78,98,18.37,overcast clouds
18,Rikitea,PF,-23.1203,-134.9692,74.55,67,100,17.92,overcast clouds
19,Banyo,CM,6.75,11.8167,65.66,88,100,0.96,overcast clouds
20,Jamestown,US,42.097,-79.2353,57.2,33,1,5.75,clear sky
21,Sibolga,ID,1.7427,98.7792,82.8,76,100,0.81,overcast clouds
22,Victoria,HK,22.2855,114.1577,88.0,78,17,10.71,few clouds
23,Correntina,BR,-13.3433,-44.6367,69.37,50,73,3.04,light rain
24,Cidreira,BR,-30.1811,-50.2056,61.25,78,5,7.02,clear sky
25,Barrow,US,71.2906,-156.7887,28.4,80,90,11.5,overcast clouds
26,Simao,CN,22.7886,100.9748,79.59,43,0,4.88,clear sky
27,Sahy,SK,48.0741,18.9495,55.0,91,100,3.0,overcast clouds
28,Khatanga,RU,71.9667,102.5,19.22,88,99,10.56,overcast clouds
29,Port Alfred,ZA,-33.5906,26.891,62.87,82,95,16.49,light rain
30,Fortuna,US,40.5982,-124.1573,55.0,93,90,11.5,overcast clouds
31,Caravelas,BR,-17.7125,-39.2481,71.17,71,93,5.84,overcast clouds
32,Santa Isabel Do Rio Negro,BR,-0.4139,-65.0192,73.58,93,52,2.71,broken clouds
33,Adre,TD,13.4667,22.2,76.98,7,15,9.78,few clouds
34,Hinckley,GB,52.5389,-1.3761,48.99,93,0,4.61,clear sky
35,Bairiki,KI,1.3292,172.9752,87.8,70,40,14.97,scattered clouds
36,Igarka,RU,67.4667,86.5833,20.1,90,86,8.16,overcast clouds
37,Mar Del Plata,AR,-38.0023,-57.5575,57.99,87,0,4.61,clear sky
38,Mecca,SA,21.4267,39.8261,77.7,38,0,2.44,clear sky
39,Yining,CN,29.0361,114.5636,72.14,92,100,4.83,light rain
40,Atuona,PF,-9.8,-139.0333,79.57,67,7,15.84,clear sky
41,Puerto Madryn,AR,-42.7692,-65.0385,55.2,45,99,6.78,overcast clouds
42,Saskylakh,RU,71.9167,114.0833,15.35,90,100,14.7,overcast clouds
43,Fukue,JP,32.6881,128.8419,73.4,100,75,14.97,light rain
44,Port Lincoln,AU,-34.7333,135.8667,59.32,62,98,9.13,overcast clouds
45,Yellowknife,CA,62.456,-114.3525,39.2,65,75,12.66,broken clouds
46,Marsh Harbour,BS,26.5412,-77.0636,76.32,64,95,16.08,overcast clouds
47,Butaritari,KI,3.0707,172.7902,82.83,79,40,15.23,light rain
48,Gat,IL,31.61,34.7642,62.01,83,2,1.23,clear sky
49,Tasiilaq,GL,65.6145,-37.6368,28.4,64,17,3.18,few clouds
50,Naze,JP,28.3667,129.4833,82.4,83,75,17.27,broken clouds
51,Pevek,RU,69.7008,170.3133,30.22,91,75,0.65,broken clouds
52,Saint Anthony,US,45.0205,-93.218,64.0,51,1,6.91,clear sky
53,Talnakh,RU,69.4865,88.3972,18.27,91,99,4.47,light snow
54,Necochea,AR,-38.5473,-58.7368,55.24,69,100,7.94,overcast clouds
55,Koppang,NO,61.5706,11.0555,42.66,97,100,4.65,light rain
56,Saint-Philippe,RE,-21.3585,55.7679,75.2,73,75,14.97,broken clouds
57,Bethel,US,41.3712,-73.414,66.2,32,1,10.36,clear sky
58,Nipawin,CA,53.3668,-104.0009,55.4,82,90,14.97,overcast clouds
59,Vaini,TO,-21.2,-175.2,82.4,83,75,10.36,broken clouds
60,Punta Arenas,CL,-53.15,-70.9167,44.6,100,90,11.5,light rain
61,Shelburne,CA,44.0787,-80.2041,57.2,58,1,2.3,clear sky
62,Pontes E Lacerda,BR,-15.2261,-59.3353,71.8,72,83,3.04,broken clouds
63,Cape Town,ZA,-33.9258,18.4232,54.0,87,0,8.05,clear sky
64,Anori,BR,-3.7728,-61.6442,73.63,97,74,1.72,broken clouds
65,Hermanus,ZA,-34.4187,19.2345,54.0,82,100,3.0,overcast clouds
66,Avarua,CK,-21.2078,-159.775,78.8,78,75,10.36,broken clouds
67,Hasaki,JP,35.7333,140.8333,73.0,73,75,13.8,broken clouds
68,Nanortalik,GL,60.1432,-45.2371,36.14,83,11,2.01,few clouds
69,San Andres,CO,12.5847,-81.7006,81.01,78,19,15.75,few clouds
70,Longyearbyen,SJ,78.2186,15.6401,23.0,68,40,6.91,scattered clouds
71,Tuktoyaktuk,CA,69.4541,-133.0374,35.6,80,20,11.5,few clouds
72,Qaanaaq,GL,77.484,-69.3632,32.4,76,99,6.82,overcast clouds
73,Tilichiki,RU,60.4667,166.1,32.23,87,7,3.42,clear sky
74,Kaitangata,NZ,-46.2817,169.8464,55.99,53,1,5.59,clear sky
75,Haines Junction,CA,60.7522,-137.5108,55.4,26,17,10.36,few clouds
76,Kindu,CD,-2.95,25.95,70.48,91,73,0.98,light rain
77,Lagoa,PT,39.05,-27.9833,60.82,88,100,5.23,overcast clouds
78,Provideniya,RU,64.3833,-173.3,43.74,56,10,2.93,clear sky
79,Half Moon Bay,US,37.4636,-122.4286,61.0,87,90,6.91,mist
80,Marzuq,YE,14.4,46.4667,79.34,32,7,3.98,clear sky
81,Marawi,PH,7.9986,124.2928,93.99,64,72,3.04,broken clouds
82,Brae,GB,60.3964,-1.353,46.4,93,90,4.61,overcast clouds
83,Albany,US,42.6001,-73.9662,57.99,68,100,4.85,overcast clouds
84,Itoman,JP,26.1247,127.6694,86.0,83,20,14.97,few clouds
85,Isangel,VU,-19.55,169.2667,81.54,72,11,6.53,few clouds
86,Ketchikan,US,55.3422,-131.6461,51.8,82,90,8.05,light rain
87,Kodiak,US,57.79,-152.4072,44.6,81,90,8.05,moderate rain
88,Hithadhoo,MV,-0.6,73.0833,84.56,73,100,18.19,overcast clouds
89,Tezu,IN,27.9167,96.1667,81.84,44,26,3.11,scattered clouds
90,Nikolskoye,RU,59.7035,30.7861,55.99,88,75,6.71,moderate rain
91,Coihaique,CL,-45.5752,-72.0662,44.6,81,40,6.91,scattered clouds
92,Guiyang,CN,26.5833,106.7167,66.2,68,90,8.95,overcast clouds
93,Tiksi,RU,71.6872,128.8694,31.71,92,100,6.78,overcast clouds
94,Ahipara,NZ,-35.1667,173.1667,67.15,68,2,10.65,clear sky
95,Florida,US,28.7505,-82.5001,70.0,56,1,8.05,clear sky
96,Castro,BR,-24.7911,-50.0119,50.63,93,0,3.4,clear sky
97,Mehamn,NO,71.0357,27.8492,34.56,84,100,20.22,overcast clouds
98,Srednekolymsk,RU,67.45,153.6833,38.98,73,4,9.26,clear sky
99,Ribeira Grande,PT,38.5167,-28.7,63.41,95,100,0.65,overcast clouds
100,Paldiski,EE,59.3567,24.0531,44.01,100,40,4.61,mist
101,Teya,RU,60.3778,92.6267,36.19,50,63,5.75,broken clouds
102,Hobart,AU,-42.8794,147.3294,57.2,54,40,18.41,scattered clouds
103,Clovis,US,36.8252,-119.7029,77.0,31,20,11.5,few clouds
104,Nizwa,OM,22.9333,57.5333,85.14,23,5,5.19,clear sky
105,Mantua,IT,45.1667,10.7833,57.99,82,81,1.99,broken clouds
106,Arlit,NE,18.7369,7.3853,89.71,10,0,7.49,clear sky
107,Ancud,CL,-41.8697,-73.8203,48.0,100,75,3.44,broken clouds
108,Busselton,AU,-33.65,115.3333,64.99,65,100,5.01,overcast clouds
109,Faanui,PF,-16.4833,-151.75,81.68,69,100,15.52,overcast clouds
110,Camana,PE,-16.6228,-72.7111,66.04,86,0,7.09,clear sky
111,Kapaa,US,22.0752,-159.319,78.8,61,40,19.57,scattered clouds
112,Bredasdorp,ZA,-34.5322,20.0403,51.8,87,96,6.91,overcast clouds
113,Mataura,NZ,-46.1927,168.8643,54.0,67,6,5.01,clear sky
114,Broome,US,42.2506,-75.833,60.8,31,75,4.61,broken clouds
115,Coahuayana,MX,18.7333,-103.6833,80.71,75,1,2.93,clear sky
116,Kholm,RU,59.2667,32.85,52.68,98,100,5.75,overcast clouds
117,Faya,SA,18.3851,42.4509,68.0,18,0,3.89,clear sky
118,Puerto Ayora,EC,-0.7393,-90.3518,75.0,94,16,4.0,few clouds
119,Ejura,GH,7.3856,-1.3562,72.88,96,100,1.88,light rain
120,Chuy,UY,-33.6971,-53.4616,52.02,81,100,3.74,overcast clouds
121,Gulu,UG,2.7746,32.299,63.54,96,12,4.25,few clouds
122,Katherine,AU,-14.4667,132.2667,77.0,27,3,12.66,clear sky
123,Oistins,BB,13.0667,-59.5333,80.6,61,20,24.16,few clouds
124,Port Elizabeth,ZA,-33.918,25.5701,59.0,94,90,10.36,light rain
125,Colares,PT,38.7992,-9.4469,64.99,88,81,7.52,broken clouds
126,Biak,ID,-0.9131,122.8766,81.55,79,90,7.05,overcast clouds
127,Bilma,NE,18.6853,12.9164,88.66,9,3,5.73,clear sky
128,Hofn,IS,64.2539,-15.2082,37.27,64,99,17.54,overcast clouds
129,Kuandian,CN,40.7286,124.7847,56.55,58,100,5.44,light rain
130,New Norfolk,AU,-42.7826,147.0587,57.0,75,98,10.0,overcast clouds
131,Kruisfontein,ZA,-34.0033,24.7314,57.99,94,100,1.99,light rain
132,Port Augusta,AU,-32.5,137.7667,59.0,67,90,6.91,overcast clouds
133,Georgetown,MY,5.4112,100.3354,87.01,84,20,1.14,few clouds
134,Codrington,AU,-38.2667,141.9667,56.35,73,92,18.48,overcast clouds
135,Utinga,BR,-5.8172,-35.3954,75.2,94,20,4.61,few clouds
136,Port Hardy,CA,50.6996,-127.4199,55.4,76,75,12.66,broken clouds
137,Severo-Kurilsk,RU,50.6789,156.125,42.33,67,100,14.65,overcast clouds
138,Guerrero Negro,MX,27.9769,-114.0611,60.62,74,0,18.41,clear sky
139,Kaseda,JP,31.4167,130.3167,75.2,94,75,9.22,mist
140,Gafargaon,BD,24.4333,90.5667,80.6,83,75,4.61,haze
141,Cherskiy,RU,68.75,161.3,37.26,82,31,8.1,scattered clouds
142,Abay,KZ,49.6311,72.8539,53.6,71,0,2.24,clear sky
143,Narsaq,GL,60.9167,-46.05,39.2,38,10,2.3,clear sky
144,Cochabamba,BO,-17.3895,-66.1568,56.66,69,77,1.48,broken clouds
145,Nichinan,JP,31.6,131.3667,77.0,88,75,4.61,broken clouds
146,Guarapari,BR,-20.6667,-40.4975,69.01,94,40,2.3,scattered clouds
147,Santa Vitoria,BR,-18.8386,-50.1214,70.34,52,68,4.9,broken clouds
148,Hilo,US,19.7297,-155.09,82.4,54,75,11.5,light rain
149,Baherden,TM,38.4362,57.4316,74.68,18,0,1.43,clear sky
150,Dunedin,NZ,-45.8742,170.5036,55.0,67,0,8.99,clear sky
151,Alice Springs,AU,-23.7,133.8833,60.8,48,0,18.41,clear sky
152,Leh,IN,34.1667,77.5833,40.17,55,57,4.94,broken clouds
153,Carnarvon,AU,-24.8667,113.6333,71.6,53,69,11.5,broken clouds
154,Mopipi,BW,-21.1833,24.8833,59.16,39,2,2.68,clear sky
155,Klaksvik,FO,62.2266,-6.589,42.8,93,90,16.11,light intensity drizzle
156,Ibra,OM,22.6906,58.5334,83.61,36,21,3.22,few clouds
157,Yumen,CN,40.2833,97.2,65.08,20,54,13.04,broken clouds
158,Camacha,PT,33.0833,-16.3333,66.2,72,75,14.97,broken clouds
159,Lahaina,US,20.8783,-156.6825,80.6,54,40,18.41,scattered clouds
160,Banda Aceh,ID,5.5577,95.3222,83.12,77,100,2.75,overcast clouds
161,Bonavista,CA,48.6499,-53.1147,39.2,81,95,1.14,overcast clouds
162,Clyde River,CA,70.4692,-68.5914,15.8,67,1,11.5,clear sky
163,Genhe,CN,50.7833,121.5167,59.34,27,0,12.66,clear sky
164,Hambantota,LK,6.1241,81.1185,77.0,100,75,3.44,broken clouds
165,Upernavik,GL,72.7868,-56.1549,28.96,89,100,6.89,overcast clouds
166,Palimbang,PH,6.2106,124.1894,88.34,65,58,4.61,broken clouds
167,Kaduna,NG,10.5222,7.4383,76.05,71,100,5.03,light rain
168,Kavaratti,IN,10.5669,72.642,83.37,81,100,25.23,overcast clouds
169,Saint George,US,37.1041,-113.5841,87.01,9,1,21.85,clear sky
170,Wewak,PG,-3.5534,143.6268,86.54,68,91,6.96,overcast clouds
171,Concepcion,CL,-36.827,-73.0498,50.0,93,0,3.44,clear sky
172,Beira,MZ,-19.8436,34.8389,68.0,100,0,7.23,clear sky
173,Ilam,NP,26.9167,87.9167,73.35,62,85,0.63,overcast clouds
174,Miandrivazo,MG,-19.5167,45.4667,72.75,72,19,1.81,few clouds
175,Luanda,AO,-8.8368,13.2343,75.06,89,9,8.86,clear sky
176,Beloha,MG,-25.1667,45.05,68.04,72,45,3.29,scattered clouds
177,Osoyoos,CA,49.0331,-119.4524,82.4,20,10,2.3,clear sky
178,Darhan,MN,49.4867,105.9228,60.6,32,9,7.63,clear sky
179,Airai,TL,-8.9266,125.4092,70.61,53,81,4.38,broken clouds
180,Krasnoturansk,RU,54.3186,91.5639,55.4,76,40,11.18,light rain
181,Penalva,BR,-3.2942,-45.1736,73.78,95,100,2.77,overcast clouds
182,Aksay,RU,47.26,39.87,60.8,72,0,6.71,clear sky
183,Turbat,PK,26.0023,63.044,89.19,33,5,2.73,clear sky
184,Iglino,RU,54.8324,56.4126,55.4,82,0,6.71,clear sky
185,Kamenka,RU,51.3223,42.7678,60.4,89,11,5.1,few clouds
186,Ihosy,MG,-22.4,46.1167,63.3,92,86,4.09,overcast clouds
187,Jeremie,HT,18.65,-74.1167,79.0,80,6,4.81,clear sky
188,Torbay,CA,47.6666,-52.7314,39.99,100,75,5.73,broken clouds
189,Duzce,TR,40.8389,31.1639,58.57,84,100,1.74,overcast clouds
190,Moose Factory,CA,51.2585,-80.6094,32.0,86,90,4.61,overcast clouds
191,Okulovka,RU,58.4008,33.2908,50.27,98,27,6.2,scattered clouds
192,Luderitz,NA,-26.6481,15.1594,60.75,89,36,5.17,scattered clouds
193,Korla,CN,41.7597,86.1469,65.16,31,100,9.93,overcast clouds
194,Evensk,RU,61.95,159.2333,32.83,92,100,2.33,overcast clouds
195,San Patricio,US,28.017,-97.5169,75.2,94,90,12.66,moderate rain
196,Samana,DO,19.2056,-69.3369,76.12,85,2,5.57,clear sky
197,Kipini,KE,-2.5257,40.5262,79.3,82,34,13.31,scattered clouds
198,Kholtoson,RU,50.2981,103.3097,56.26,35,7,9.95,clear sky
199,Shenzhen,CN,22.5455,114.0683,91.0,79,20,13.42,few clouds
200,Coquimbo,CL,-29.9533,-71.3436,55.4,88,0,2.3,clear sky
201,Esperance,AU,-33.8667,121.9,57.2,72,22,14.97,few clouds
202,Bambanglipuro,ID,-7.95,110.2833,83.68,69,16,8.39,few clouds
203,Chokurdakh,RU,70.6333,147.9167,32.74,98,100,6.85,overcast clouds
204,West Fargo,US,46.875,-96.9004,69.8,32,1,5.75,clear sky
205,Miraflores,MX,19.2167,-98.8083,68.0,49,75,5.75,broken clouds
206,Sao Jose Da Coroa Grande,BR,-8.8978,-35.1478,76.33,77,8,8.05,clear sky
207,Cabo San Lucas,MX,22.8909,-109.9124,86.0,32,20,11.5,few clouds
208,Sitka,US,57.0531,-135.33,46.4,71,90,12.66,light rain
209,Hassleholm,SE,56.1591,13.7664,42.01,100,90,4.47,mist
210,Arraial Do Cabo,BR,-22.9661,-42.0278,69.62,78,3,8.61,clear sky
211,San Jose,US,37.3394,-121.895,64.99,63,75,10.36,broken clouds
212,Kurchum,KZ,48.5722,83.6542,62.64,48,2,1.43,clear sky
213,Lock Haven,US,41.137,-77.4469,55.99,84,83,1.77,broken clouds
214,Igrim,RU,63.1906,64.4162,46.24,69,28,7.45,scattered clouds
215,Thompson,CA,55.7435,-97.8558,46.4,53,75,5.75,broken clouds
216,Alofi,NU,-19.0595,-169.9187,82.4,74,4,12.66,clear sky
217,Lavrentiya,RU,65.5833,-171.0,33.66,91,18,4.25,few clouds
218,Xining,CN,36.6167,101.7667,48.27,59,97,1.95,overcast clouds
219,Acapulco,MX,16.8634,-99.8901,86.0,74,40,10.36,scattered clouds
220,Orebro,SE,59.2741,15.2066,50.0,87,90,4.61,overcast clouds
221,Dali,CN,25.7,100.1833,68.92,46,2,4.56,clear sky
222,Puerto Baquerizo Moreno,EC,-0.9,-89.6,74.88,85,79,9.04,broken clouds
223,Carauari,BR,-4.8828,-66.8958,73.58,98,95,1.07,overcast clouds
224,Winsford,GB,53.1833,-2.5167,46.0,89,48,6.33,scattered clouds
225,Beihai,CN,21.4833,109.1,85.89,73,4,8.66,clear sky
226,Vardo,NO,70.3705,31.1107,34.2,94,100,18.75,light snow
227,Souillac,MU,-20.5167,57.5167,73.4,78,40,10.36,scattered clouds
228,Dikson,RU,73.5069,80.5464,24.6,74,100,15.7,overcast clouds
229,Muswellbrook,AU,-32.2667,150.9,57.31,37,0,4.5,clear sky
230,Puerto Maldonado,PE,-12.6,-69.1833,73.38,81,36,1.16,scattered clouds
231,Pitimbu,BR,-7.4706,-34.8086,73.4,94,0,5.75,clear sky
232,Crieff,GB,56.3727,-3.8389,42.01,90,41,3.13,scattered clouds
233,Ankara,TR,39.9199,32.8543,62.6,59,0,3.49,clear sky
234,Akdepe,TM,42.0551,59.3788,62.6,39,0,9.22,clear sky
235,Axim,GH,4.8699,-2.2405,79.81,84,100,6.8,overcast clouds
236,Iqaluit,CA,63.7506,-68.5145,24.8,74,90,5.75,overcast clouds
237,Bathsheba,BB,13.2167,-59.5167,80.6,61,20,24.16,few clouds
238,Avera,US,33.194,-82.5271,60.8,77,1,4.05,clear sky
239,Beringovskiy,RU,63.05,179.3167,32.4,95,100,8.41,overcast clouds
240,Abu Samrah,SY,35.3029,37.1841,62.91,51,78,6.06,broken clouds
241,Port Blair,IN,11.6667,92.75,86.0,89,40,1.14,scattered clouds
242,Saryozek,KZ,44.3583,77.9753,54.75,51,69,1.05,broken clouds
243,Kendari,ID,-3.945,122.4989,80.82,82,98,1.77,overcast clouds
244,Karratha,AU,-20.7377,116.8463,77.38,30,0,19.3,clear sky
245,Yerbogachen,RU,61.2767,108.0108,30.7,59,100,17.63,overcast clouds
246,General Roca,AR,-39.0333,-67.5833,46.4,87,0,4.23,light rain
247,Cordoba,AR,-31.4135,-64.1811,62.01,82,0,5.75,clear sky
248,Kirovskiy,RU,45.0917,133.5136,64.38,53,99,6.11,overcast clouds
249,Wageningen,NL,51.9667,5.6667,52.0,93,75,9.22,broken clouds
250,Lebu,CL,-37.6167,-73.65,51.35,87,0,8.32,clear sky
251,Borogontsy,RU,62.6683,131.1683,57.16,42,12,9.91,few clouds
252,Villefontaine,FR,45.6125,5.1456,53.6,94,75,3.44,broken clouds
253,Palmerston,AU,-12.486,130.9833,82.99,36,0,18.41,clear sky
254,Baruun-Urt,MN,46.6806,113.2792,60.1,18,2,2.95,clear sky
255,Gboko,NG,7.3179,8.9951,77.43,81,98,7.38,overcast clouds
256,Kudahuvadhoo,MV,2.6708,72.8944,84.85,74,99,19.19,overcast clouds
257,Granville,AU,-33.8333,151.0167,63.0,33,0,11.5,clear sky
258,Yeppoon,AU,-23.1333,150.7333,71.6,24,4,5.75,clear sky
259,Lasa,IT,46.6166,10.7002,43.0,100,75,3.44,broken clouds
260,Pemagatsel,BT,27.0319,91.4266,64.99,73,14,0.63,few clouds
261,Areni,AM,39.7191,45.1799,64.4,34,8,9.22,clear sky
262,Sinop,TR,41.7711,34.8709,58.66,46,78,6.53,broken clouds
263,Hamilton,US,39.1834,-84.5333,64.4,34,90,5.75,overcast clouds
264,Floirac,FR,44.8324,-0.5141,57.2,94,75,4.61,broken clouds
265,Burnie,AU,-41.0667,145.9167,59.0,68,70,10.0,broken clouds
266,Kautokeino,NO,69.0125,23.0412,30.87,98,100,7.76,overcast clouds
267,Komsomolskiy,UZ,40.4272,71.7189,64.4,45,0,4.61,clear sky
268,Shu,KZ,43.5983,73.7614,57.56,50,0,5.17,clear sky
269,Khasan,RU,42.4308,130.6434,57.65,67,100,7.52,overcast clouds
270,Sobolevo,RU,54.4299,31.8996,49.23,97,60,7.34,broken clouds
271,Sunrise Manor,US,36.2111,-115.0731,90.0,7,1,23.02,clear sky
272,Mnogovershinnyy,RU,53.9353,139.9242,38.14,71,74,8.72,broken clouds
273,Awbari,LY,26.5921,12.7805,78.15,18,6,11.41,clear sky
274,Sorland,NO,67.667,12.6934,43.34,89,98,15.35,overcast clouds
275,Antananarivo,MG,-18.9137,47.5361,50.0,100,20,4.36,few clouds
276,Nome,US,64.5011,-165.4064,55.4,38,1,12.66,clear sky
277,Norman Wells,CA,65.282,-126.8329,50.0,50,20,17.27,few clouds
278,Zhanaozen,KZ,43.3,52.8,69.66,24,0,11.9,clear sky
279,Belyy Yar,RU,53.6039,91.3903,55.4,76,40,11.18,light rain
280,Batagay-Alyta,RU,67.8006,130.4114,46.92,49,7,3.76,clear sky
281,Kaele,CM,10.1092,14.4508,84.99,50,100,8.95,overcast clouds
282,Tuatapere,NZ,-46.1333,167.6833,54.0,67,45,5.01,scattered clouds
283,Serowe,BW,-22.3833,26.7167,58.12,38,0,5.93,clear sky
284,Jalu,LY,29.0331,21.5482,69.91,40,0,11.77,clear sky
285,Kualakapuas,ID,-3.0091,114.3876,86.0,74,20,4.61,few clouds
286,Urucara,BR,-2.5364,-57.76,74.82,96,94,1.74,overcast clouds
287,Durban,ZA,-29.8579,31.0292,71.01,51,0,6.91,clear sky
288,Antofagasta,CL,-23.65,-70.4,60.8,77,90,11.5,overcast clouds
289,Strelka,RU,58.0728,93.0344,43.3,52,98,2.46,overcast clouds
290,Pisco,PE,-13.7,-76.2167,64.4,88,90,5.75,mist
291,Lutkun,RU,41.4808,47.6858,55.42,72,9,7.36,clear sky
292,Gombong,ID,-7.6072,109.5142,66.0,88,58,5.59,broken clouds
293,Prieska,ZA,-29.6641,22.7474,52.43,75,0,7.14,clear sky
294,Czestochowa,PL,50.7965,19.1241,52.0,87,0,9.22,clear sky
295,Tessalit,ML,20.1986,1.0114,90.34,12,56,4.05,broken clouds
296,Bambous Virieux,MU,-20.3428,57.7575,75.99,78,40,10.36,scattered clouds
297,Calama,CL,-22.4667,-68.9333,51.8,25,0,11.5,clear sky
298,Hailey,US,43.5196,-114.3153,62.6,45,1,4.61,clear sky
299,Olbia,IT,40.9214,9.4856,59.0,58,0,19.57,clear sky
300,Zavallya,UA,48.2135,30.0156,51.76,87,15,5.28,few clouds
301,Lazaro Cardenas,MX,17.9583,-102.2,82.2,74,0,7.38,clear sky
302,Oktyabrskiy,RU,54.4815,53.471,65.1,54,6,5.37,clear sky
303,Celestun,MX,20.8667,-90.4,80.67,74,100,16.64,overcast clouds
304,Exeter,GB,50.7236,-3.5275,48.0,94,98,6.78,overcast clouds
305,Rocha,UY,-34.4833,-54.3333,49.15,74,91,3.98,overcast clouds
306,Bosaso,SO,11.2842,49.1816,89.83,48,5,6.51,clear sky
307,Sharkan,RU,57.2989,53.8712,66.99,48,16,6.85,few clouds
308,Casian,PH,11.035,119.7136,85.21,76,86,15.68,overcast clouds
309,Smithers,CA,54.7804,-127.1743,57.2,54,90,5.75,overcast clouds
310,Laguna,US,38.421,-121.4238,72.0,49,1,6.91,clear sky
311,Dingle,PH,10.9995,122.6711,87.12,67,99,13.31,overcast clouds
312,Mitsamiouli,KM,-11.3847,43.2844,80.33,74,65,10.58,broken clouds
313,Saratovskaya,RU,44.7103,39.2244,62.6,77,0,4.47,clear sky
314,Leningradskiy,RU,69.3833,178.4167,31.19,94,97,6.6,overcast clouds
315,Chesma,RU,53.8111,60.6533,69.13,46,13,3.09,few clouds
316,Esmeraldas,BR,-19.7625,-44.3139,64.4,82,0,3.44,clear sky
317,Pangoa,PE,-12.1167,-73.0,70.11,88,100,1.9,overcast clouds
318,San Rafael,AR,-34.6177,-68.3301,57.47,53,5,2.53,clear sky
319,Ucluelet,CA,48.9329,-125.5528,59.0,72,20,11.5,few clouds
320,Gambiran,ID,-6.7988,111.4951,83.46,66,0,6.51,clear sky
321,Dakar,SN,14.6937,-17.4441,69.8,88,20,13.8,few clouds
322,La Peca,PE,-5.6111,-78.435,67.57,95,100,1.9,moderate rain
323,Ingham,US,42.6,-84.3833,59.0,47,90,3.44,overcast clouds
324,Sakaiminato,JP,35.55,133.2333,78.8,69,75,17.27,light rain
325,Ilulissat,GL,69.2167,-51.1,37.4,65,75,3.44,broken clouds
326,Saint-Francois,FR,46.4154,3.9054,46.99,87,0,2.3,clear sky
327,Skibbereen,IE,51.55,-9.2667,46.4,93,75,3.44,broken clouds
328,Te Anau,NZ,-45.4167,167.7167,51.33,57,7,5.91,clear sky
329,Mubende,UG,0.5606,31.39,60.44,99,95,2.46,overcast clouds
330,Aligudarz,IR,33.4006,49.6949,51.58,74,13,4.65,few clouds
331,Belaya Gora,RU,68.5333,146.4167,39.83,70,100,6.58,overcast clouds
332,Tarumovka,RU,44.0761,46.5361,61.29,52,70,12.35,broken clouds
333,Belomorsk,RU,64.5232,34.7668,39.15,93,100,9.15,overcast clouds
334,Grand Gaube,MU,-20.0064,57.6608,75.99,68,0,7.0,clear sky
335,Sao Joao Da Barra,BR,-21.6403,-41.0511,67.86,79,2,1.57,clear sky
336,Katsuura,JP,35.1333,140.3,72.0,69,100,7.0,overcast clouds
337,Lata,PT,40.1629,-8.3327,59.0,94,100,1.99,overcast clouds
338,Chaman,PK,30.9236,66.4512,72.07,15,14,6.55,few clouds
339,Bubaque,GW,11.2833,-15.8333,77.27,84,83,11.83,broken clouds
340,Harper,LR,4.375,-7.7169,79.23,84,64,4.72,broken clouds
341,Junin,AR,-34.5838,-60.9433,53.06,59,99,5.08,overcast clouds
342,Harnosand,SE,62.6323,17.9379,44.6,100,90,3.44,overcast clouds
343,Male,MV,4.1748,73.5089,84.2,84,75,20.71,broken clouds
344,Ponta Delgada,PT,37.7333,-25.6667,64.4,100,75,9.22,broken clouds
345,Shache,CN,38.4167,77.2406,58.96,44,6,5.48,clear sky
346,Berekua,DM,15.2333,-61.3167,77.0,37,22,13.35,few clouds
347,Sembakung,ID,3.8167,117.25,82.4,83,40,3.44,scattered clouds
348,Miri,MY,4.4148,114.0089,84.2,79,20,5.75,few clouds
349,Pacific Grove,US,36.6177,-121.9166,55.0,90,79,7.85,broken clouds
350,Rawson,AR,-43.3002,-65.1023,53.85,51,89,7.72,overcast clouds
351,Tolmezzo,IT,46.4075,13.0175,54.0,98,100,1.57,overcast clouds
352,Zarzal,CO,4.3946,-76.0715,68.83,95,100,0.67,moderate rain
353,Meadow Lake,US,34.8014,-106.5436,73.4,23,75,11.5,broken clouds
354,Kirsanov,RU,52.6549,42.7224,60.46,86,100,3.22,overcast clouds
355,Ballina,AU,-28.8667,153.5667,64.4,48,77,13.8,broken clouds
356,Curitibanos,BR,-27.2828,-50.5844,46.27,98,12,2.48,few clouds
357,Lorengau,PG,-2.0226,147.2712,86.79,69,100,12.44,overcast clouds
358,Namatanai,PG,-3.6667,152.4333,85.62,70,98,9.84,light rain
359,Constitucion,CL,-35.3333,-72.4167,53.89,84,5,7.76,clear sky
360,Viedma,AR,-40.8135,-62.9967,51.69,83,100,5.1,overcast clouds
361,Asau,RO,46.4333,26.4,50.0,67,99,2.06,overcast clouds
362,Prince Rupert,CA,54.3161,-130.3201,48.2,100,90,3.44,light rain
363,Creel,MX,27.75,-107.6333,57.92,43,53,12.93,broken clouds
364,Morant Bay,JM,17.8815,-76.4093,82.4,78,20,6.91,few clouds
365,Kavieng,PG,-2.5744,150.7967,85.55,74,95,16.46,light rain
366,Lure,FR,47.75,6.5,48.2,100,90,8.05,overcast clouds
367,Muros,ES,42.7762,-9.0603,60.01,95,100,9.04,overcast clouds
368,Hirara,JP,24.8,125.2833,86.0,79,40,19.57,scattered clouds
369,Tahe,CN,52.3333,124.7333,62.82,25,0,8.43,clear sky
370,Kitui,KE,-1.367,38.0106,60.03,94,73,2.95,broken clouds
371,Ivnya,RU,51.0629,36.1343,57.2,72,0,6.71,clear sky
372,Palana,RU,59.1167,159.9667,36.59,80,96,2.59,overcast clouds
373,Praia Da Vitoria,PT,38.7333,-27.0667,64.4,94,40,2.71,scattered clouds
374,Egvekinot,RU,66.3167,-179.1667,31.26,95,18,4.36,few clouds
375,Konevo,RU,62.1215,39.3192,57.13,98,100,4.83,overcast clouds
376,Xai-Xai,MZ,-25.0519,33.6442,65.28,51,0,9.33,clear sky
377,Pochutla,MX,15.7432,-96.4661,84.0,77,65,1.99,broken clouds
378,Yulara,AU,-25.2406,130.9889,60.8,48,2,17.27,clear sky
379,Golden,US,39.7555,-105.2211,60.01,77,40,9.22,scattered clouds
380,Halifax,CA,44.6453,-63.5724,48.2,61,20,5.75,few clouds
381,Fort Nelson,CA,58.8053,-122.7002,59.0,44,75,4.61,broken clouds
382,Taoudenni,ML,22.6783,-3.9836,94.73,11,15,7.14,few clouds
383,Barcelos,PT,41.5388,-8.6151,60.8,100,90,11.5,light intensity drizzle
384,Chulumani,BO,-16.4096,-67.5263,62.44,96,100,0.13,overcast clouds
385,Santa Cruz,BO,-17.8,-63.1667,72.72,64,80,3.67,broken clouds
386,Araguacu,BR,-12.9306,-49.8264,73.85,52,100,4.27,overcast clouds
387,Homer,US,59.6425,-151.5483,46.4,71,75,10.36,broken clouds
388,Tarbagatay,RU,51.4803,107.3602,62.6,34,20,17.9,few clouds
389,Richards Bay,ZA,-28.783,32.0377,66.02,36,0,5.23,clear sky
390,Verkhnyaya Toyma,RU,62.2349,44.9985,58.93,93,73,8.39,broken clouds
391,Outlook,CA,51.5001,-107.0513,73.4,23,77,14.97,broken clouds
392,Poum,NC,-20.2333,164.0167,78.51,75,97,14.34,overcast clouds
393,Samarai,PG,-10.6167,150.6667,83.1,74,75,8.08,broken clouds
394,Wukari,NG,7.85,9.7833,76.84,85,90,4.99,overcast clouds
395,Oranjemund,NA,-28.55,16.4333,59.7,97,44,7.63,scattered clouds
396,Turukhansk,RU,65.8167,87.9833,23.14,78,73,9.6,broken clouds
397,Mahibadhoo,MV,3.7833,72.9667,85.24,74,100,18.95,overcast clouds
398,Jiayuguan,CN,39.8167,98.3,63.0,23,59,7.02,broken clouds
399,Havelock,US,34.8791,-76.9013,61.0,65,19,1.01,few clouds
400,Pangody,RU,65.85,74.4859,33.62,58,100,8.79,overcast clouds
401,Atambua,ID,-9.1061,124.8925,81.23,57,39,3.65,scattered clouds
402,Borovoy,RU,55.4333,86.0833,60.8,63,40,11.18,light rain
403,Lompoc,US,34.6391,-120.4579,55.4,71,66,9.22,broken clouds
404,Kroya,ID,-7.6331,109.2461,82.47,73,75,7.43,broken clouds
405,Palmer,US,42.1584,-72.3287,55.99,62,75,4.61,broken clouds
406,Ibanda,TZ,-2.7974,32.4746,62.51,92,40,2.48,scattered clouds
407,Meridian,US,43.6121,-116.3915,77.0,22,1,6.91,clear sky
408,Upata,VE,8.0086,-62.3989,79.0,82,62,8.01,broken clouds
409,Chapais,CA,49.7834,-74.8492,53.6,40,1,4.61,clear sky
410,Santa Fe,AR,-31.6333,-60.7,60.01,76,46,4.81,scattered clouds
411,Pingliang,CN,35.5392,106.6861,56.46,34,100,13.06,overcast clouds
412,Jaora,IN,23.6333,75.1333,90.88,34,93,7.61,overcast clouds
413,Droitwich,GB,52.2667,-2.15,46.0,97,15,1.01,few clouds
414,Darnah,LY,32.767,22.6367,65.53,79,64,20.02,broken clouds
415,Port Hedland,AU,-20.3167,118.5667,82.4,23,0,19.57,clear sky
416,Mollendo,PE,-17.0231,-72.0147,64.72,87,0,6.35,clear sky
417,Mujiayingzi,CN,42.1167,118.7833,64.47,20,100,12.73,overcast clouds
418,Hualmay,PE,-11.0964,-77.6139,64.4,85,3,7.34,clear sky
419,Rongcheng,CN,30.634,117.8517,65.3,96,100,9.51,light rain
420,Texarkana,US,33.4251,-94.0477,73.4,64,1,3.44,clear sky
421,Vung Tau,VN,10.346,107.0843,86.25,69,60,9.26,broken clouds
422,Saint Joseph,US,39.7686,-94.8466,64.4,72,40,9.22,scattered clouds
423,Ostrovnoy,RU,68.0531,39.5131,32.4,96,100,11.48,light rain
424,Sao Miguel Do Iguacu,BR,-25.3481,-54.2378,62.6,94,0,4.61,clear sky
425,Poquoson,US,37.1224,-76.3458,63.0,48,1,3.44,clear sky
426,Poya,NC,-21.35,165.15,81.66,63,29,8.23,scattered clouds
427,Kutum,SD,14.2,24.6667,70.57,7,11,5.95,few clouds
428,Grave,NL,51.759,5.7388,50.0,87,90,11.5,overcast clouds
429,Thinadhoo,MV,0.5333,72.9333,84.81,73,100,18.41,overcast clouds
430,Launceston,AU,-41.45,147.1667,57.0,62,75,13.8,broken clouds
431,Cacapava Do Sul,BR,-30.5122,-53.4914,46.26,64,48,2.75,scattered clouds
432,Anqing,CN,30.5092,117.0506,71.42,92,100,1.28,light rain
433,Kahta,TR,37.7855,38.6237,66.2,45,0,2.3,clear sky
434,Norsup,VU,-16.0667,167.3833,84.0,73,20,5.37,few clouds
435,Qom,IR,34.6401,50.8764,69.3,42,26,2.21,scattered clouds
436,Dawlatabad,AF,36.4141,64.9053,72.57,16,0,5.1,clear sky
437,Nishihara,JP,26.1842,127.7558,87.8,74,40,13.8,scattered clouds
438,Puerto Rico,AR,-26.796,-55.024,60.75,79,27,1.74,scattered clouds
439,Meulaboh,ID,4.1363,96.1285,80.17,80,100,3.09,overcast clouds
440,Singapore,SG,1.2897,103.8501,87.8,66,75,4.61,broken clouds
441,Verkhnetulomskiy,RU,68.6073,31.7962,33.8,100,75,6.71,broken clouds
442,Tabou,CI,4.423,-7.3528,79.09,84,100,4.79,overcast clouds
443,Valparaiso,CL,-33.0393,-71.6273,54.0,79,71,10.83,broken clouds
444,Olinda,BR,-8.0089,-34.8553,75.2,78,40,5.75,scattered clouds
445,Waingapu,ID,-9.6567,120.2641,83.14,65,32,15.28,scattered clouds
446,Kontagora,NG,10.3999,5.4695,76.55,80,100,5.28,overcast clouds
447,Okhotsk,RU,59.3833,143.3,38.66,83,100,19.69,light rain
448,Deputatskiy,RU,69.3,139.9,28.06,94,82,3.8,broken clouds
449,Kabalo,CD,-6.05,26.9167,72.34,71,51,3.53,broken clouds
450,Sakakah,SA,29.9697,40.2064,73.4,13,0,3.44,clear sky
451,Sur,OM,22.5667,59.5289,85.33,67,36,4.65,scattered clouds
452,Basqal,AZ,40.7552,48.391,55.36,26,1,8.79,clear sky
453,Bandarbeyla,SO,9.4942,50.8122,83.73,73,4,20.18,clear sky
454,Segezha,RU,63.7415,34.3222,42.48,94,99,9.53,overcast clouds
455,Morehead,US,37.2711,-87.1764,60.8,63,90,8.01,overcast clouds
456,Nelson Bay,AU,-32.7167,152.15,60.8,41,0,16.11,clear sky
457,Hay River,CA,60.8156,-115.7999,33.8,100,90,4.61,fog
458,Kirensk,RU,57.7853,108.1119,42.62,38,88,13.15,overcast clouds
459,Nadym,RU,65.5333,72.5167,36.57,58,100,10.31,overcast clouds
460,Dunmore Town,BS,25.5,-76.65,77.72,67,100,18.95,overcast clouds
461,Torrington,US,41.8007,-73.1212,60.01,71,87,3.04,overcast clouds
462,Berdigestyakh,RU,62.0989,126.6992,61.47,28,13,9.42,few clouds
463,Hastings,GB,50.8552,0.5729,51.8,93,75,13.8,broken clouds
464,Lumeje,AO,-11.55,20.7833,59.22,65,13,3.71,few clouds
465,Sambava,MG,-14.2667,50.1667,73.85,81,39,10.56,light rain
466,Vila Velha,BR,-20.3297,-40.2925,69.01,88,40,3.44,scattered clouds
467,Guisa,CU,20.255,-76.5386,77.0,83,75,6.91,broken clouds
468,Naron,ES,43.5167,-8.1528,59.0,100,90,9.22,overcast clouds
469,Victor Harbor,AU,-35.5667,138.6167,62.01,61,94,1.99,overcast clouds
470,Goulburn,AU,-34.75,149.7167,51.01,54,0,14.34,clear sky
471,Yamada,JP,39.4667,141.95,65.82,73,99,18.52,overcast clouds
472,Taiyuan,CN,37.8694,112.5603,51.8,71,75,6.71,broken clouds
473,San Ramon,US,37.7799,-121.978,64.99,59,1,14.97,clear sky
474,Wonthaggi,AU,-38.6044,145.5913,57.0,76,100,20.29,overcast clouds
475,Kahului,US,20.8947,-156.47,80.6,47,40,23.02,scattered clouds
476,Badarwas,IN,24.9667,77.5667,90.21,28,97,11.39,overcast clouds
477,Kharagauli,GE,42.0214,43.1977,71.6,53,0,17.27,clear sky
478,Wattegama,LK,6.7989,81.4808,77.0,100,75,3.44,broken clouds
479,Verkh-Usugli,RU,52.7,115.1667,56.12,40,93,13.42,overcast clouds
480,Mount Isa,AU,-20.7333,139.5,73.4,21,0,14.97,clear sky
481,Cooma,AU,-36.2333,149.1333,44.6,45,15,6.91,few clouds
482,Banjar,ID,-8.19,114.9675,84.2,79,40,14.97,scattered clouds
483,Vitim,RU,59.4511,112.5578,40.87,55,92,13.91,overcast clouds
484,Kamsack,CA,51.5667,-101.9009,69.8,28,1,9.22,clear sky
485,Pueblo Nuevo,MX,23.3833,-105.3833,61.52,61,88,3.78,overcast clouds
486,Sao Gabriel Da Cachoeira,BR,-0.1303,-67.0892,73.29,95,100,1.32,overcast clouds
487,Ryotsu,JP,38.0833,138.4333,73.4,56,75,11.5,light rain
488,Shubarshi,KZ,48.5872,57.1869,69.35,36,44,4.85,scattered clouds
489,Bunbury,AU,-33.3333,115.6333,68.0,49,100,10.56,overcast clouds
490,Alberton,CA,46.8168,-64.0654,46.4,66,100,4.61,overcast clouds
491,Marystown,CA,47.1666,-55.1483,40.64,89,79,3.27,broken clouds
492,Santo Antonio Do Ica,BR,-3.1022,-67.9397,73.42,98,100,0.81,overcast clouds
493,Luz,BR,-19.8014,-45.6856,62.02,77,33,0.81,scattered clouds
494,Muisne,EC,0.6,-80.0333,76.28,88,93,4.25,overcast clouds
495,Boa Vista,BR,2.8197,-60.6733,78.8,89,90,4.61,overcast clouds
496,Avallon,FR,47.4833,3.9,47.01,96,76,11.18,broken clouds
497,Bilibino,RU,68.0546,166.4372,34.36,80,86,1.57,overcast clouds
498,Henties Bay,NA,-22.116,14.2845,62.74,85,0,7.85,clear sky
499,Along,IN,28.1667,94.7667,70.95,72,98,0.4,overcast clouds
500,Aksu,CN,41.1231,80.2644,55.92,51,20,2.91,few clouds
501,Yenagoa,NG,4.9247,6.2642,76.42,95,99,2.95,moderate rain
502,Khirkiya,IN,22.1674,76.8605,90.64,42,100,13.24,overcast clouds
503,Rapid Valley,US,44.0625,-103.1463,57.0,87,90,3.44,overcast clouds
504,Port Moresby,PG,-9.4431,147.1797,86.0,70,40,5.75,scattered clouds
505,Mikhaylovka,RU,50.06,43.2379,60.19,50,100,6.29,overcast clouds
506,Palauig,PH,15.435,119.9045,89.24,59,6,5.59,clear sky
507,Hengyang,CN,26.8881,112.615,74.8,90,100,7.29,light rain
508,Hami,CN,42.8,93.45,75.67,14,100,1.63,overcast clouds
509,Batticaloa,LK,7.7102,81.6924,83.44,75,99,3.83,overcast clouds
510,San Quintin,MX,30.4833,-115.95,60.96,73,8,14.27,clear sky
511,Dumai,ID,1.6833,101.45,80.71,90,95,2.68,overcast clouds
512,Labuhan,ID,-6.8844,112.2051,83.39,72,2,5.01,clear sky
513,Geraldton,AU,-28.7667,114.6,77.0,31,6,21.85,clear sky
514,Gorele,TR,41.0308,39.0031,59.0,72,0,3.44,clear sky
515,Vao,NC,-22.6667,167.4833,75.79,80,51,16.55,broken clouds
516,Buchanan,LR,5.8808,-10.0467,79.47,85,100,4.7,light rain
517,Tateyama,JP,34.9833,139.8667,71.01,78,75,6.91,light rain
518,Razdolnoye,RU,43.55,131.9167,69.6,45,99,8.95,overcast clouds
519,Campechuela,CU,20.2342,-77.2789,78.46,75,47,13.18,scattered clouds
520,Tsimlyansk,RU,47.6461,42.1019,63.66,86,31,0.22,scattered clouds
521,Kachug,RU,53.9606,105.8817,48.4,83,100,14.2,light rain
522,Phuket,TH,8.0,98.25,88.0,84,20,4.61,few clouds
523,Margate,GB,51.3813,1.3862,48.99,84,82,1.99,broken clouds
524,Grindavik,IS,63.8424,-22.4338,35.6,69,0,8.05,clear sky
525,Bari Sadri,IN,24.4167,74.4667,84.2,42,75,5.75,haze
526,Kalmunai,LK,7.4167,81.8167,84.0,73,92,4.54,overcast clouds
527,Virginia Beach,US,36.8529,-75.978,59.0,54,20,3.44,few clouds
528,Betong,TH,5.7743,101.0723,80.65,85,80,1.68,broken clouds
529,Muborak,UZ,39.2553,65.1528,70.93,29,0,9.22,clear sky
530,Los Llanos De Aridane,ES,28.6585,-17.9182,68.0,77,0,18.41,clear sky
531,Haian,CN,32.5436,120.45,79.0,78,100,4.0,overcast clouds
532,Ugoofaaru,MV,5.6667,73.0,85.21,74,100,21.32,overcast clouds
533,Black River,JM,18.0264,-77.8487,80.6,78,20,4.61,few clouds
534,Pinheiro Machado,BR,-31.5783,-53.3811,48.0,81,76,10.0,broken clouds
535,Lipari,IT,38.4674,14.954,64.0,57,34,4.0,scattered clouds
536,Apartado,CO,7.883,-76.6259,77.27,95,100,3.4,overcast clouds
537,Mana,GF,5.6592,-53.7767,77.63,85,79,7.92,broken clouds
538,Lucapa,AO,-8.4192,20.7447,64.81,71,7,3.8,clear sky
539,Kostomuksha,RU,64.571,30.5767,41.72,92,99,6.76,overcast clouds
540,Japura,ID,-0.3167,102.35,84.43,70,78,3.83,broken clouds
541,Lugoba,TZ,-6.45,38.3333,67.53,97,82,2.93,broken clouds
542,Lubango,AO,-14.9172,13.4925,57.56,53,4,3.11,clear sky
543,Naliya,IN,23.2667,68.8333,83.19,72,100,12.59,overcast clouds
544,Charlestown,AU,-32.95,151.6667,64.0,56,0,1.01,clear sky
545,Sept-Iles,CA,50.2001,-66.3821,42.01,87,75,2.3,broken clouds
546,Lobatse,BW,-25.2167,25.6667,46.4,66,0,4.61,clear sky
547,Rio Rancho,US,35.2334,-106.6645,75.0,23,1,9.22,clear sky
548,Le Portel,FR,50.7056,1.5757,51.8,93,75,10.36,broken clouds
549,Ixtapa,MX,20.7,-105.2,82.0,78,1,3.44,clear sky
550,Mezen,RU,65.8522,44.24,44.15,85,93,6.85,overcast clouds
551,Anadyr,RU,64.75,177.4833,41.0,65,0,2.24,clear sky
552,Jardim Do Serido,BR,-6.5844,-36.7744,72.32,78,39,14.99,scattered clouds
553,Eyl,SO,7.9803,49.8164,82.74,69,100,19.89,overcast clouds
554,Gotsu,JP,35.0,132.2167,77.0,78,75,13.8,light rain
555,Tyup,KG,42.7276,78.3648,48.38,51,19,2.33,few clouds
556,Makakilo City,US,21.3469,-158.0858,82.4,44,1,8.05,clear sky
557,Elliot,ZA,-31.3333,27.85,54.61,45,0,13.35,clear sky
558,Kerouane,GN,9.2667,-9.0167,72.09,89,100,2.46,overcast clouds
559,Bay City,US,43.5945,-83.8889,60.8,44,90,11.5,overcast clouds
560,Canutama,BR,-6.5339,-64.3831,73.54,95,96,0.76,overcast clouds
561,Madison,US,34.7334,-86.5667,66.99,63,40,4.61,scattered clouds
562,Hawkesbury,CA,45.6001,-74.616,62.6,39,40,5.75,scattered clouds
563,La Massana,AD,42.5667,1.4833,60.01,81,100,1.01,overcast clouds
564,Uong Bi,VN,21.0333,106.7833,86.0,84,75,10.36,broken clouds
565,Kyzyl-Suu,KG,42.3414,78.0056,45.97,55,8,2.57,clear sky
566,Kaputa,ZM,-8.4689,29.6619,65.26,84,3,2.24,clear sky
567,Crotone,IT,39.0851,17.1178,54.0,93,90,12.66,fog
568,Tzaneen,ZA,-23.8332,30.1635,59.0,33,0,11.5,clear sky
569,Hyeres,FR,43.1167,6.1167,60.8,88,100,1.14,overcast clouds
570,Qianan,CN,44.9932,124.0581,70.61,20,100,8.55,overcast clouds
571,Kamina,CD,-8.7386,24.9906,62.02,73,7,3.44,clear sky
572,Salalah,OM,17.0151,54.0924,82.4,74,40,4.61,scattered clouds
573,Dongkan,CN,33.9997,119.8308,57.07,93,100,15.03,overcast clouds
574,Maarianhamina,AX,60.0973,19.9348,41.0,100,90,10.36,mist
575,Zheleznodorozhnyy,RU,55.7503,38.0042,55.0,93,0,4.47,clear sky
576,Komatipoort,ZA,-25.4332,31.9548,66.2,39,0,1.14,clear sky
577,Pokrovsk,UA,48.282,37.1758,56.26,75,1,7.45,clear sky
578,Baracoa,CU,20.3467,-74.4958,78.21,80,42,6.24,scattered clouds
579,College,US,64.8569,-147.8028,64.4,32,75,3.44,broken clouds
580,Antoing,BE,50.556,3.4653,48.2,87,75,9.22,broken clouds
581,Shimoda,JP,34.6667,138.95,71.6,68,75,9.22,broken clouds
582,Kuytun,RU,54.3419,101.5036,47.14,89,100,7.38,light rain
583,Ngaoundere,CM,7.3167,13.5833,65.93,87,97,3.78,overcast clouds
584,Mlowo,TZ,-9.0,32.9833,54.72,87,64,2.3,broken clouds
585,Whitehorse,CA,60.7161,-135.0538,55.4,33,75,16.11,broken clouds
586,Huilong,CN,31.8111,121.655,78.01,93,100,5.01,overcast clouds
587,Carlsbad,US,33.1581,-117.3506,63.0,67,90,6.91,overcast clouds
588,Petropavlovsk-Kamchatskiy,RU,53.0452,158.6483,57.2,33,100,15.66,overcast clouds
589,Hervey Bay,AU,-25.2986,152.8535,68.0,55,3,5.01,clear sky
590,Ruwi,OM,23.5996,58.5507,84.2,74,0,3.44,clear sky
591,Sioux Lookout,CA,50.1001,-91.917,60.8,51,75,3.44,broken clouds
592,Bien Hoa,VN,10.95,106.8167,89.6,74,75,6.91,broken clouds
593,Mount Gambier,AU,-37.8333,140.7667,53.6,94,90,14.97,overcast clouds
594,Gornopravdinsk,RU,60.05,69.9,60.26,86,75,11.68,broken clouds
595,Tapiramuta,BR,-11.8472,-40.7914,61.32,96,100,3.0,overcast clouds
596,Vanimo,PG,-2.6741,141.3028,86.56,67,95,6.38,overcast clouds
597,Shenkursk,RU,62.1091,42.896,58.3,94,82,7.49,broken clouds
598,Imbituba,BR,-28.24,-48.6703,62.6,94,0,4.61,clear sky
599,Sao Domingos,BR,-13.3983,-46.3183,68.4,53,94,4.7,overcast clouds
600,Buraydah,SA,26.326,43.975,84.2,20,0,6.91,clear sky
601,Gouyave,GD,12.1646,-61.7296,80.6,83,40,16.11,scattered clouds
602,Bentiu,SS,9.2333,29.8333,79.68,63,82,4.18,broken clouds
603,Waipawa,NZ,-41.4122,175.5153,61.0,77,90,19.57,light rain
604,The Valley,AI,18.217,-63.0578,80.01,83,5,11.01,clear sky
605,Cockburn Town,TC,21.4612,-71.1419,79.57,79,0,13.96,clear sky
606,Christchurch,NZ,-43.5333,172.6333,55.99,76,100,1.14,overcast clouds
607,Yidu,CN,24.1614,115.1328,88.56,54,31,9.44,scattered clouds
608,Elko,US,41.0002,-115.5012,52.0,76,1,9.22,clear sky
609,San Juan,AR,-31.5375,-68.5364,34.0,36,66,28.99,broken clouds
610,Inongo,CD,-1.95,18.2667,72.18,87,94,3.96,overcast clouds
611,Goure,NE,13.9835,10.2704,88.0,12,10,1.99,clear sky
612,Okha,RU,53.5739,142.9478,45.64,84,100,10.42,overcast clouds
613,Jasper,US,37.2001,-94.3502,62.6,88,75,6.91,broken clouds
614,Comodoro Rivadavia,AR,-45.8667,-67.5,50.0,66,0,10.36,clear sky
615,Maragogi,BR,-9.0122,-35.2225,76.14,77,4,7.83,clear sky
616,Kinablangan,PH,7.6947,126.5503,85.14,68,99,4.34,overcast clouds
617,Pokhara,NP,28.2333,83.9833,79.52,38,100,1.43,overcast clouds
618,Husavik,IS,66.0449,-17.3389,35.6,60,90,8.05,overcast clouds
619,Langenzersdorf,AT,48.3,16.35,55.0,80,100,4.0,overcast clouds
620,Ust-Maya,RU,60.4167,134.5333,50.99,52,100,8.97,overcast clouds
621,Zholymbet,KZ,51.7433,71.7122,66.36,56,56,9.04,broken clouds
622,Sheoganj,IN,25.15,73.0667,91.26,26,97,12.59,overcast clouds
623,Dukat,RU,62.55,155.55,28.42,96,69,5.97,broken clouds
624,Formiga,BR,-20.4644,-45.4264,61.86,84,98,3.2,overcast clouds
625,Marquette,US,46.5333,-87.6335,55.99,47,75,6.91,broken clouds
626,Morondava,MG,-20.2833,44.2833,71.94,79,8,2.68,clear sky
627,Udachnyy,RU,66.4167,112.4,20.86,93,100,25.28,snow
628,Charlottetown,CA,46.2352,-63.1267,48.2,57,40,4.61,scattered clouds
629,Yako,BF,12.9667,-2.2667,90.27,37,98,0.67,overcast clouds
630,Gatton,AU,-27.55,152.2833,68.0,32,0,5.75,clear sky
631,Achutupo,PA,9.2,-77.9833,80.02,88,97,10.31,overcast clouds
632,Maltahohe,NA,-24.8333,16.9833,54.01,47,0,8.08,clear sky
633,San Cristobal,VE,7.7669,-72.225,82.4,74,40,2.3,scattered clouds
634,Shieli,KZ,44.1667,66.75,68.13,28,0,15.75,clear sky
635,Angoche,MZ,-16.2325,39.9086,70.93,84,79,2.42,broken clouds
636,Quechultenango,MX,17.4167,-99.2167,77.0,77,78,5.03,broken clouds
637,Zyryanovsk,KZ,49.7386,84.2719,60.49,57,4,0.09,clear sky
638,Manzhouli,CN,49.6,117.4333,57.79,25,0,20.24,clear sky
639,Telica,NI,12.522,-86.8594,86.79,41,39,10.8,scattered clouds
640,Bolekhiv,UA,49.0661,23.8643,46.0,83,72,4.36,broken clouds
641,Salinas,US,36.6777,-121.6555,55.4,76,90,11.5,overcast clouds
642,Royan,FR,45.6285,-1.0281,55.4,100,90,8.05,light intensity drizzle rain
643,Saint-Quentin,FR,49.8333,3.3333,46.99,93,20,8.05,few clouds
644,Kaeng Khoi,TH,14.5862,100.9976,91.99,73,100,6.33,overcast clouds
645,Adrar,MR,20.5022,-10.0711,79.34,18,100,9.42,overcast clouds
646,Sumbe,AO,-11.2061,13.8437,76.62,80,0,6.04,clear sky
647,Okmulgee,US,35.6234,-95.9605,71.6,73,40,9.1,scattered clouds
648,Filimonovo,RU,56.2011,95.4611,45.64,72,100,5.75,overcast clouds
649,Inuvik,CA,68.3499,-133.7218,50.0,46,100,5.75,overcast clouds
650,Sao Filipe,CV,14.8961,-24.4956,73.98,68,66,11.41,broken clouds
651,Shar,KZ,49.5886,81.0453,64.67,45,1,1.14,clear sky
652,Prescott Valley,US,34.5894,-112.3252,71.6,13,1,13.8,clear sky
653,Cerritos,US,33.8583,-118.0648,64.99,77,1,11.5,clear sky
654,Boffa,GN,10.1667,-14.0333,79.21,78,100,3.91,overcast clouds
655,Ulaangom,MN,49.9811,92.0667,59.88,35,8,3.36,clear sky
656,Bulgan,MN,48.8125,103.5347,57.63,31,2,9.31,clear sky
657,Honningsvag,NO,70.9821,25.9704,35.67,80,100,22.5,overcast clouds
658,Curup,ID,-3.4667,102.5333,79.27,70,34,1.45,scattered clouds
659,Obihiro,JP,42.9172,143.2044,46.4,100,75,3.44,light rain
660,Alta Floresta,BR,-9.8756,-56.0861,70.5,74,100,2.86,overcast clouds
661,Claveria,PH,18.6074,121.0832,90.09,55,0,3.51,clear sky
662,Gidam,IN,18.9833,81.4,85.12,59,97,5.41,overcast clouds
663,Ambunti,PG,-4.2365,142.8448,87.04,73,99,3.36,overcast clouds
664,Kerema,PG,-7.9631,145.7785,83.86,75,95,4.54,moderate rain
665,Minab,IR,27.1467,57.0801,78.8,41,0,2.3,clear sky
666,Davila,PH,18.4726,120.5763,89.6,74,20,9.22,few clouds
